字段所属分组	字段名称	字段类型	字段来源	字段说明	备注
基本信息	采购订单号	文本	系统生成	采购订单的唯一编号	依据：04-单据目录与通用状态
基本信息	供应商	关联选择	用户选择	本单的供应商，一张单只能选一个	依据：30 边界规则第3、6条
基本信息	下单日期	日期	用户填写	下采购单的日期	依据：05-默认字段校验规范
基本信息	期望到货日期	日期	用户填写	希望供应商送达的日期	依据：拍板第6条；50 日期区间
基本信息	仓库	关联选择	用户选择	收货仓库	依据：30 边界规则第5条
基本信息	备注	长文本	用户填写	订单补充说明	依据：05-默认字段校验规范
审核信息	订单状态	单选	系统生成	采购订单当前所处状态	依据：40 订单类通用状态；拍板第3、5条
审核信息	审核层级	单选	系统计算	这张单应由谁审核	依据：拍板第1条
审核信息	审核人	文本	系统生成	实际做审核通过或驳回的人	依据：40 通用规则第7条
审核信息	审核时间	日期时间	系统生成	审核通过或驳回的时间	依据：40 通用规则第7条
审核信息	驳回原因	长文本	用户填写	审核人驳回时填写的原因	依据：40 通用规则第2条
审核信息	作废原因	长文本	用户填写	作废时填写的原因	依据：40 通用规则第5条
审核信息	关闭原因	长文本	用户填写	关闭时填写的原因	依据：拍板第5条
商品明细	商品名称	关联选择	用户选择	本行采购的商品	依据：30 边界规则第3条；50 明细行通用规则
商品明细	商品编码	文本	上游带入	商品资料中的编码	依据：商品资料
商品明细	规格	文本	上游带入	商品规格	依据：商品资料
商品明细	单位	文本	上游带入	采购单位	依据：商品资料
商品明细	上次进价	金额	系统计算	该供应商该商品最近一次已执行入库单上的采购单价	依据：拍板第2条；30 边界规则第7条；取值口径见拍板记录"仍待确认"
商品明细	采购单价	金额	用户填写	本次采购单价	依据：拍板第2、8条
商品明细	涨价标记	标记	系统计算	采购单价比上次进价高5%以上时显示	依据：拍板第2条
商品明细	采购数量	整数	用户填写	本行采购数量	依据：05-默认字段校验规范
商品明细	金额	金额	系统计算	本行金额	依据：05-默认字段校验规范
商品明细	已入库数量	整数	系统计算	已执行入库单累计实收数量	依据：拍板第3、4条
商品明细	未入库数量	整数	系统计算	还没收到的数量	依据：拍板第3、5条
金额汇总	商品种类数	整数	系统计算	明细行数	依据：50 明细行通用规则
金额汇总	采购总数量	整数	系统计算	各行采购数量之和	依据：50 明细行通用规则
金额汇总	订单金额合计	金额	系统计算	各行金额之和，审核分级以此为准	依据：50 明细行通用规则；拍板第1条
系统信息	创建人	文本	系统生成	新建这张单的人	依据：40 通用规则第3条；拍板第1条
系统信息	创建时间	日期时间	系统生成	首次保存的时间	依据：05-默认字段校验规范
系统信息	最后修改时间	日期时间	系统生成	最近一次保存或状态变化的时间	依据：05-默认字段校验规范
系统信息	关联入库单	文本列表	系统生成	审核通过后生成的采购入库单，可能有多张	依据：04-单据目录与通用状态；拍板第3条
系统信息	操作记录	文本列表	系统生成	提交、撤回、审核通过、驳回、作废、关闭的记录	依据：40 通用规则第7条
