字段所属分组	字段名称	字段类型	字段来源	字段说明	必填性	新增页	编辑页	列表展示	可筛选	详情展示	取值说明	备注
基本信息	商品编码	文本	用户填写	商品的唯一编码	必填	可填	只读	是	是	是	分类前缀-4位数字，如 SP-1001；前缀对应商品分类：SP=休闲食品、YL=饮料、RH=日化；不能与已有商品（含已停用）重复；保存后不可修改	前缀规则 2026-10-06 已确认；编码由手工填写还是系统按分类自动生成【待确认】
基本信息	商品名称	文本	用户填写	商品的名称	必填	可填	可填	是	是	是	1～50字，去掉首尾空格；不能与已有商品（含已停用）重名；同款换代可加括号区分，如"苏打饼干（老款）"	"不能重名"【待确认】：01-全局背景信息未规定名称是否唯一
基本信息	商品分类	单选	用户选择	商品所属的大类	必填	可填	可填	是	是	是	休闲食品 / 饮料 / 日化，三选一，取值固定	取值 2026-10-06 已确认固定为三个（演示数据原无此字段，依据 01-全局背景信息/01-公司业务背景"三大类"）
基本信息	规格	文本	用户填写	单件规格和每箱件数	必填	可填	可填	是	否	是	1～50字，按"单件规格×件数"书写，如 70g×24袋、550ml×24瓶	-
基本信息	单位	文本	用户填写	采购、入库、出库、盘点时数量的计数单位	必填	可填	可填	是	否	是	1～50字，如"箱"；一个商品只维护一个单位，各单据数量都按此单位计	【待确认】演示数据全部为"箱"；单位是否改为固定下拉选项，01-全局背景信息未规定
基本信息	参考进价	金额	用户填写	采购下单时的默认进价参考	必填	可填	可填	是	否	是	大于等于 0，两位小数，单位：元；采购订单中该供应商该商品没有上次进价时带出此价	依据 01-全局背景信息/03-系统模块与边界 边界规则 7
基本信息	状态	单选	系统生成	商品当前能否被新单据选用	-	不显示	只读	是	是	是	启用 / 停用；新增保存后为启用；通过"停用""启用"操作切换；停用的不能被新单据选用，已在单据里的不受影响	通用字段
基本信息	备注	长文本	用户填写	商品的补充说明	选填	可填	可填	否	否	是	0～200字	通用字段
系统信息	创建人	文本	系统生成	新增这个商品的人	-	不显示	不显示	否	否	是	当前登录人，自动记录，只读	通用字段
系统信息	创建时间	日期时间	系统生成	首次保存的时间	-	不显示	不显示	否	否	是	年-月-日 时:分，自动记录，只读	通用字段
系统信息	更新时间	日期时间	系统生成	最近一次保存或停用、启用的时间	-	不显示	不显示	是	否	是	年-月-日 时:分，自动记录，只读	通用字段
